Шевроле фиеста ;0
Мерседес e230;0
Мерседес gl320;0
Мерседес c230;1
Мерседес cl500;1
Мерседес e220;1
Мерседес e320;3
Мерседес e240;4
Мерседес g500;5
Мерседес ml350;5
Мерседес c200;6
Мерседес c220;6
Мерседес ml320;6
Мерседес viano;6
БМВ 325;7
БМВ 530;7
Мерседес e200;7
Мерседес e280;8
БМВ x6;11
Мерседес s600;17
Хонда легенд;20
Мерседес c180;26
Мерседес 230;36
Мерседес s500;36
Тойота хайлендер;38
БМВ 318;42
Тойота приус;47
Мазда CX;49
БМВ 320;54
Форд c-max;59
Хундай сантафе;59
БМВ x3;66
Ниссан мурано;66
Тойота аурис;67
Хонда H-RV;68
Ауди q7;69
Тойота марк;77
Митсубиси оутландер;85
Хундай tucson;86
БМВ 525;87
Шевроле каптива;88
Тойота селика;93
Ниссан ноут;115
Тойота рав 4;116
Ниссан патфайндер;121
Тойота ярис;122
Ниссан тиида;137
Ниссан микра;152
Фольксваген туарег;173
Мерседес 190;180
Форд фьюжин;181
Ниссан икстреил;183
Ниссан кашкай;191
Ауди а8;202
БМВ x5;203
Ниссан теана;208
Опель зафира;233
Митсубиси кольт;238
Рено сценик;241
Рено лагуна;247
Ниссан патрол;262
Тойота карина;263
Рено симбол;268
Хундай гетц;271
Шкода фабия;273
Ниссан максима;308
Опель корса;325
Шевроле ланос;343
Мазда 323;346
Хундай элантра;360
Тойота Land Cruiser;365
Митсубиси каризма;378
Тойота авенсис;410
Хундай соната;419
Ауди а4;479
Хонда C-RV;490
Мазда 626;535
Шевроле авео;550
Шевроле авео;550
Ауди а6;562
Митсубиси галант;608
Тойота камри;655
Фольксваген гольф;670
Рено меган;687
Опель омега;709
Шевроле лачетти;716
Мазда 6;745
Хонда аккорд;758
Митсубиси паджеро;769
Ниссан примера;801
Хундай акцент;807
Тойота королла;897
Хонда сивик;899
Рено логан;904
Мазда 3;907
Шкода октавия;929
Митсубиси лансер;1074
Форд мондео;1106
Ниссан альмера;1120
Фольксваген пассат;1120
Опель астра;1357
Опель вектра;1421
Форд фокус;3049